K (carrying_capacity),Q,B (growth_rate),t0 (inflection_point),nu (asymmetry)
0.9000000000000001,1.6692280812430134,0.25128360966881896,2015.0000048450863,0.10000056119582176
